IP,Port,Banner,Timestamp,Hostnames,Country,City,Operating System,Organization
192.150.14.86,443,"HTTP/1.0 302 Found
Location: http://unavailable.adobe.com/
Connection: close

",2016-10-17T22:27:28.902181,licensing-sjc0.stage.adobe.com,United States,,,Adobe Systems
192.150.14.86,80,"HTTP/1.0 302 Found
Location: https://192.150.14.86/
Server: BigIP
Connection: Keep-Alive
Content-Length: 0

",2016-10-17T22:27:23.663893,licensing-sjc0.stage.adobe.com,United States,,,Adobe Systems
192.150.13.92,4500,"VPN (IKE NAT-T)

Initiator SPI: e5f858a0876af576
Responder SPI: 76bb51435332d360
Next Payload: Security Association (SA)
Version: 1.0
Exchange Type: Identity Protection
Flags:
    Encryption:     False
    Commit:         False
    Authentication: False
Message ID: 00000000
Length: 108",2016-10-17T20:17:07.514426,asa-sanjose-ext.adobe.com,United States,,,Adobe Systems
216.104.208.40,80,"HTTP/1.1 403 Forbidden
Date: Mon, 17 Oct 2016 16:57:03 GMT
Server: Apache/2.2.15 (CentOS)
Accept-Ranges: bytes
Content-Length: 4958
Connection: close
Content-Type: text/html; charset=UTF-8

",2016-10-17T16:57:07.243190,sj1216104208040.adobeitc.com,United States,San Jose,,Adobe Systems
216.104.208.166,443,"HTTP/1.1 200 OK
Date: Mon, 17 Oct 2016 12:23:19 GMT
Server: Apache-Coyote/1.1
Accept-Ranges: bytes
ETag: W/""1551-1459363502000""
Last-Modified: Wed, 30 Mar 2016 18:45:02 GMT
Content-Type: text/html
Content-Length: 1551

",2016-10-17T12:23:30.122351,sj1216104208166.adobeitc.com,United States,San Jose,,Adobe Systems
216.104.208.168,80,"HTTP/1.1 200 OK
Content-Type: text/html
Last-Modified: Tue, 13 Sep 2016 13:45:24 GMT
Accept-Ranges: bytes
ETag: ""f9432114c5dd21:0""
Server: Microsoft-IIS/8.5
Date: Mon, 17 Oct 2016 10:54:00 GMT
Content-Length: 701

",2016-10-17T10:54:01.223817,sj1216104208168.adobeitc.com,United States,San Jose,,Adobe Systems
192.150.19.34,443,"HTTP/1.0 302 Found
Location: http://unavailable.adobe.com/accessdenied.html
Server: BigIP
Connection: Keep-Alive
Content-Length: 0

",2016-10-17T09:26:04.663615,activate-sj1.adobe.com,United States,,,Adobe Systems
192.150.13.90,80,"HTTP/1.0 302 Temporary moved
Content-Length: 0
Cache-Control: no-cache
Pragma: no-cache
Connection: Close
Date: Mon, 17 Oct 2016 05:22:06 GMT
X-Frame-Options: SAMEORIGIN
Location: https://192.150.13.90/

",2016-10-17T05:22:08.582025,asa-sanjose.adobe.com,United States,,,Adobe Systems
192.150.19.76,21,"220-Copyright (c) 2001-2011 Isilon Systems LLC.  All rights reserved. Isilon and
220-Isilon Systems are registered trademarks of Isilon Systems LLC.
220-
220-Isilon OneFS v6.5.4.17
220 
530 Login incorrect.
530 Please login with USER and PASS.
211-Features:
 AUTH SSL
 AUTH TLS
 EPRT
 EPSV
 MDTM
 PASV
 PBSZ
 PROT
 REST STREAM
 SIZE
 TVFS
 UTF8
211 End",2016-10-17T02:28:24.167237,sjftp.adobe.com,United States,,,Adobe Systems
192.150.13.65,500,"VPN (IKE)

Initiator SPI: e5f858a0876af576
Responder SPI: 57cb41b66348664c
Next Payload: Security Association (SA)
Version: 1.0
Exchange Type: Identity Protection
Flags:
    Encryption:     False
    Commit:         False
    Authentication: False
Message ID: 00000000
Length: 108",2016-10-17T01:06:54.577654,asa-sanjose-ext.adobe.com,United States,,PIX OS 7.0.x,Adobe Systems
216.104.208.27,80,"HTTP/1.1 200 OK
Content-Type: text/html
Last-Modified: Mon, 01 Aug 2016 00:40:24 GMT
Accept-Ranges: bytes
ETag: ""40bb7d4a8debd11:0""
Server: Microsoft-IIS/8.5
X-Powered-By: ASP.NET
Date: Mon, 17 Oct 2016 01:01:01 GMT
Content-Length: 701

",2016-10-17T01:01:03.774438,sj1216104208027.adobeitc.com,United States,San Jose,,Adobe Systems
216.104.208.26,80,"HTTP/1.1 404 Not Found
Date: Sat, 15 Oct 2016 01:58:16 GMT
Server: Apache/2.2.15 (CentOS)
Content-Length: 278
Connection: close
Content-Type: text/html; charset=iso-8859-1

",2016-10-15T01:58:26.818749,sj1216104208026.adobeitc.com,United States,San Jose,,Adobe Systems
216.104.208.66,80,"HTTP/1.1 200 OK
Date: Sat, 15 Oct 2016 01:16:00 GMT
Server: Apache/2.2.15 (CentOS)
X-Content-Type-Options: nosniff
Transfer-Encoding: chunked
Content-Type: text/html;charset=utf-8

",2016-10-15T01:16:02.625194,sj1216104208066.adobeitc.com,United States,San Jose,,Adobe Systems
192.150.14.30,80,"HTTP/1.0 302 Found
Location: https://192.150.14.30/
Server: BigIP
Connection: Keep-Alive
Content-Length: 0

",2016-10-15T01:09:24.061626,lime.adobe.com,United States,,,Adobe Systems
192.150.14.32,80,"HTTP/1.0 302 Found
Location: https://192.150.14.32/
Server: BigIP
Connection: Keep-Alive
Content-Length: 0

",2016-10-15T00:48:43.584541,demo.adobe.com,United States,,,Adobe Systems
192.150.14.27,80,"HTTP/1.0 302 Found
Location: https://192.150.14.27/
Server: BigIP
Connection: Keep-Alive
Content-Length: 0

",2016-10-15T00:36:57.779938,demo-sjc0.adobe.com,United States,,,Adobe Systems
216.104.208.31,80,"HTTP/1.1 200 OK
Server: Apache-Coyote/1.1
Content-Type: text/html;charset=UTF-8
Transfer-Encoding: chunked
Date: Fri, 14 Oct 2016 23:58:14 GMT

",2016-10-14T23:59:53.262702,sj1216104208031.adobeitc.com,United States,San Jose,,Adobe Systems
192.150.13.64,4500,"VPN (IKE NAT-T)

Initiator SPI: e5f858a0876af576
Responder SPI: 1a04e7d8faf25d10
Next Payload: Security Association (SA)
Version: 1.0
Exchange Type: Identity Protection
Flags:
    Encryption:     False
    Commit:         False
    Authentication: False
Message ID: 00000000
Length: 108",2016-10-14T23:24:28.035984,asa-sanjose-ext-c1.adobe.com,United States,,,Adobe Systems
192.150.19.139,80,"HTTP/1.1 200 OK
Date: Fri, 14 Oct 2016 22:09:25 GMT
Server: Apache
Last-Modified: Wed, 19 Aug 2015 05:14:15 GMT
ETag: ""382f7-68-51da31b1837c0""
Accept-Ranges: bytes
Content-Length: 104
Connection: close
Content-Type: text/html; charset=UTF-8

",2016-10-14T22:09:25.372062,,United States,,,Adobe Systems
192.150.19.34,80,"HTTP/1.0 302 Found
Location: https://192.150.19.34/test
Server: BigIP
Connection: Keep-Alive
Content-Length: 0

",2016-10-14T21:50:51.455503,activate-sj1.adobe.com,United States,,,Adobe Systems
216.104.208.33,80,"HTTP/1.1 404 Not Found
Server: Microsoft-IIS/7.5
Date: Fri, 14 Oct 2016 21:35:33 GMT
Content-Length: 0

",2016-10-14T21:35:40.777041,sj1216104208033.adobeitc.com,United States,San Jose,,Adobe Systems
192.150.19.4,123,"NTP
Error: Wrong item size",2016-10-14T21:04:17.239547,,United States,,,Adobe Systems
192.150.14.192,80,"HTTP/1.0 302 Found
Location: https://192.150.14.192/
Server: BigIP
Connection: Keep-Alive
Content-Length: 0

",2016-10-14T20:57:07.369703,,United States,,,Adobe Systems
216.104.208.45,80,"HTTP/1.1 200 OK
Server: Apache-Coyote/1.1
Content-Type: text/html;charset=UTF-8
Transfer-Encoding: chunked
Date: Fri, 14 Oct 2016 18:20:48 GMT

",2016-10-14T18:22:29.882068,sj1216104208045.adobeitc.com,United States,San Jose,Linux 3.x,Adobe Systems
216.104.208.42,80,"HTTP/1.1 200 OK
Date: Fri, 14 Oct 2016 18:20:18 GMT
Server: Apache/2.2.22 (Ubuntu)
Last-Modified: Wed, 18 Mar 2015 21:48:43 GMT
ETag: ""2404f3-b1-511970c1042d6""
Accept-Ranges: bytes
Content-Length: 177
Vary: Accept-Encoding
Content-Type: text/html
X-Pad: avoid browser bug

",2016-10-14T18:17:15.139336,sj1216104208042.adobeitc.com,United States,San Jose,,Adobe Systems
216.104.208.44,80,"HTTP/1.1 301 Moved Permanently
Server: nginx
Date: Fri, 14 Oct 2016 17:15:23 GMT
Content-Type: text/html
Content-Length: 178
Connection: keep-alive
Location: https://apt.campaign.adobe.com/

",2016-10-14T17:15:27.977926,sj1216104208044.adobeitc.com,United States,San Jose,,Adobe Systems
192.150.19.55,80,"HTTP/1.0 302 Found
Location: https://192.150.19.55/
Server: BigIP
Connection: Keep-Alive
Content-Length: 0

",2016-10-14T15:49:17.705947,lm-prd-sj1.licenses.adobe.com,United States,,,Adobe Systems
216.104.208.56,80,"HTTP/1.1 200 OK
Content-Type: text/html
Last-Modified: Mon, 14 Mar 2016 09:29:04 GMT
Accept-Ranges: bytes
ETag: ""51121cf3d37dd11:0""
Server: Microsoft-IIS/7.5
X-Powered-By: ASP.NET
Date: Fri, 14 Oct 2016 13:48:59 GMT
Content-Length: 689

",2016-10-14T13:49:11.144650,sj1216104208056.adobeitc.com,United States,San Jose,Windows 7 or 8,Adobe Systems
192.150.19.61,80,"HTTP/1.1 302 Found
Date: Fri, 14 Oct 2016 13:04:52 GMT
Server: Apache
X-Distributed-by: The Apache Haus (http://www.apachehaus.com)
X-Frame-Options: SAMEORIGIN
Location: https://www.adobedemo.com/content/adobedemolab/welcome-page.html
Content-Length: 248
Content-Type: text/html; charset=iso-8859-1

",2016-10-14T13:04:59.997885,,United States,,,Adobe Systems
192.150.14.59,80,"HTTP/1.0 302 Found
Location: https://192.150.14.59/
Server: BigIP
Connection: Keep-Alive
Content-Length: 0

",2016-10-14T13:04:55.344978,webmail.adobe.com,United States,,,Adobe Systems
216.104.208.60,80,"HTTP/1.1 404 Not Found
Content-Type: text/html; charset=us-ascii
Server: Microsoft-HTTPAPI/2.0
Date: Fri, 14 Oct 2016 12:41:32 GMT
Connection: close
Content-Length: 315

",2016-10-14T12:41:24.377314,sj1216104208060.adobeitc.com,United States,San Jose,,Adobe Systems
192.150.19.68,80,"HTTP/1.0 302 Found
Location: https://192.150.19.68/
Server: BigIP
Connection: Keep-Alive
Content-Length: 0

",2016-10-14T12:12:05.235218,,United States,,,Adobe Systems
192.150.13.63,80,"HTTP/1.0 302 Temporary moved
Content-Length: 0
Cache-Control: no-cache
Pragma: no-cache
Connection: Close
Date: Fri, 14 Oct 2016 11:45:30 GMT
X-Frame-Options: SAMEORIGIN
Location: https://192.150.13.63/

",2016-10-14T11:45:37.931345,asa-sanjose-ext-c2.adobe.com,United States,,,Adobe Systems
216.104.208.62,80,"HTTP/1.1 200 OK
Server: nginx/1.4.6 (Ubuntu)
Date: Fri, 14 Oct 2016 11:32:40 GMT
Content-Type: text/html
Content-Length: 612
Last-Modified: Tue, 04 Mar 2014 11:46:45 GMT
Connection: keep-alive
ETag: ""5315bd25-264""
Accept-Ranges: bytes

",2016-10-14T11:32:43.813223,sj1216104208062.adobeitc.com,United States,San Jose,,Adobe Systems
216.104.208.64,80,"HTTP/1.1 200 OK
Date: Fri, 14 Oct 2016 11:31:51 GMT
Server: Apache/2.4.7 (Ubuntu)
Last-Modified: Fri, 07 Oct 2016 08:19:49 GMT
ETag: ""1f-53e4212e2125e""
Accept-Ranges: bytes
Content-Length: 31
Content-Type: text/html

",2016-10-14T11:31:53.910127,journeywithadobe.com,United States,San Jose,,Adobe Systems
192.150.19.67,80,"HTTP/1.0 302 Found
Location: https://192.150.19.67/
Server: BigIP
Connection: Keep-Alive
Content-Length: 0

",2016-10-14T11:30:44.978740,licensing-sj1.stage.adobe.com,United States,,,Adobe Systems
192.150.13.65,80,"HTTP/1.0 302 Temporary moved
Content-Length: 0
Cache-Control: no-cache
Pragma: no-cache
Connection: Close
Date: Fri, 14 Oct 2016 11:11:55 GMT
X-Frame-Options: SAMEORIGIN
Location: https://192.150.13.65/

",2016-10-14T11:11:59.248060,asa-sanjose-ext.adobe.com,United States,,,Adobe Systems
192.150.13.64,80,"HTTP/1.0 302 Temporary moved
Content-Length: 0
Cache-Control: no-cache
Pragma: no-cache
Connection: Close
Date: Fri, 14 Oct 2016 10:31:10 GMT
X-Frame-Options: SAMEORIGIN
Location: https://192.150.13.64/

",2016-10-14T10:31:12.353717,asa-sanjose-ext-c1.adobe.com,United States,,,Adobe Systems
192.150.19.70,80,"HTTP/1.0 302 Found
Location: https://192.150.19.70/
Server: BigIP
Connection: Keep-Alive
Content-Length: 0

",2016-10-14T10:22:42.733474,,United States,,,Adobe Systems
192.150.13.74,80,"HTTP/1.0 302 Temporary moved
Content-Length: 0
Cache-Control: no-cache
Pragma: no-cache
Connection: Close
Date: Fri, 14 Oct 2016 08:30:06 GMT
X-Frame-Options: SAMEORIGIN
Location: https://192.150.13.74/

",2016-10-14T08:30:07.745038,asa-sanjose-4.adobe.com,United States,,,Adobe Systems
216.104.208.117,443,"HTTP/1.1 200 OK
Date: Fri, 14 Oct 2016 07:42:55 GMT
Server: Apache
X-Content-Type-Options: nosniff
X-Powered-By: Jetty(9.2.9.v20150224)
Vary: Accept-Encoding
Transfer-Encoding: chunked
Content-Type: text/html; charset=UTF-8

",2016-10-14T07:45:38.048502,sj1216104208117.adobeitc.com,United States,San Jose,,Adobe Systems
192.150.13.75,80,"HTTP/1.0 302 Temporary moved
Content-Length: 0
Cache-Control: no-cache
Pragma: no-cache
Connection: Close
Date: Fri, 14 Oct 2016 07:35:05 GMT
X-Frame-Options: SAMEORIGIN
Location: https://192.150.13.75/

",2016-10-14T07:35:08.341138,asa-sanjose-3-vip.adobe.com,United States,,,Adobe Systems
192.150.19.73,80,"HTTP/1.0 302 Found
Location: https://192.150.19.73/
Server: BigIP
Connection: Keep-Alive
Content-Length: 0

",2016-10-14T07:30:10.577112,prlicensing-sj1.stage.adobe.com,United States,,,Adobe Systems
192.150.19.81,80,"HTTP/1.1 200 OK
Date: Fri, 14 Oct 2016 07:03:12 GMT
Server: Apache
Accept-Ranges: bytes
Pragma: no-cache
Cache-control: no-cache
Transfer-Encoding: chunked
Content-Type: text/html; charset=UTF-8

",2016-10-14T07:03:14.148442,,United States,,,Adobe Systems
192.150.12.82,80,"HTTP/1.1 404 Not Found
Content-Type: text/html
Content-Length: 345
Date: Fri, 14 Oct 2016 06:37:07 GMT
Server: lighttpd/1.4.28

",2016-10-14T06:37:12.534876,,United States,,,Adobe Systems
216.104.208.81,80,"HTTP/1.1 200 OK
Date: Fri, 14 Oct 2016 06:23:59 GMT
X-Content-Type-Options: nosniff
Content-Type: text/html;charset=utf-8
Transfer-Encoding: chunked
Server: Jetty(9.2.9.v20150224)
X-Powered-By: Jetty(9.2.9.v20150224)

",2016-10-14T06:24:00.263359,sj1216104208081.adobeitc.com,United States,San Jose,Linux 3.x,Adobe Systems
192.150.12.81,80,"HTTP/1.1 404 Not Found
Content-Type: text/html
Content-Length: 345
Date: Fri, 14 Oct 2016 05:32:26 GMT
Server: lighttpd/1.4.28

",2016-10-14T05:32:29.702440,,United States,,Linux 3.x,Adobe Systems
192.150.19.80,80,"HTTP/1.1 200 OK
Date: Fri, 14 Oct 2016 05:26:15 GMT
Server: Apache
Accept-Ranges: bytes
Pragma: no-cache
Cache-control: no-cache
Transfer-Encoding: chunked
Content-Type: text/html; charset=UTF-8

",2016-10-14T05:26:17.797789,,United States,,,Adobe Systems
192.150.12.80,80,"HTTP/1.1 403 Forbidden
Date: Fri, 14 Oct 2016 05:24:53 GMT
Server: Apache
Accept-Ranges: bytes
Vary: Accept-Encoding
Content-Length: 5039
Connection: close
Content-Type: text/html; charset=UTF-8

",2016-10-14T05:24:56.655218,,United States,,Linux 3.x,Adobe Systems
192.150.13.85,80,"HTTP/1.0 302 Temporary moved
Content-Length: 0
Cache-Control: no-cache
Pragma: no-cache
Connection: Close
Date: Fri, 14 Oct 2016 05:12:04 GMT
X-Frame-Options: SAMEORIGIN
Location: https://192.150.13.85/

",2016-10-14T05:12:08.453714,asa-sanjose-test-1.adobe.com,United States,,HP-UX 11.x,Adobe Systems
192.150.12.85,80,"HTTP/1.1 404 Not Found
Content-Type: text/html
Content-Length: 345
Date: Fri, 14 Oct 2016 05:11:21 GMT
Server: lighttpd/1.4.28

",2016-10-14T05:11:29.112092,,United States,,,Adobe Systems
192.150.19.83,80,"HTTP/1.0 302 Found
Location: https://192.150.19.83/
Server: BigIP
Connection: Keep-Alive
Content-Length: 0

",2016-10-14T04:33:16.272535,,United States,,,Adobe Systems
216.104.208.83,80,"HTTP/1.1 200 OK
Date: Fri, 14 Oct 2016 04:06:13 GMT
X-Content-Type-Options: nosniff
Content-Type: text/html;charset=utf-8
Transfer-Encoding: chunked

",2016-10-14T04:07:57.256569,sj1216104208083.adobeitc.com,United States,San Jose,,Adobe Systems
192.150.14.83,80,"HTTP/1.1 403 Forbidden
Server: AkamaiGHost
Mime-Version: 1.0
Content-Type: text/html
Content-Length: 289
Expires: Fri, 14 Oct 2016 03:40:35 GMT
Date: Fri, 14 Oct 2016 03:40:35 GMT
Connection: keep-alive

",2016-10-14T03:40:38.470527,partners-sjc0.stage.adobe.com,United States,,,Adobe Systems
192.150.19.86,80,"HTTP/1.0 302 Found
Location: https://192.150.19.86/
Server: BigIP
Connection: Keep-Alive
Content-Length: 0

",2016-10-14T03:13:06.318684,,United States,,,Adobe Systems
216.104.208.88,80,"HTTP/1.1 200 OK
Date: Fri, 14 Oct 2016 02:32:48 GMT
Server: Apache/2.4.18 (Win64) OpenSSL/1.0.2f
Last-Modified: Wed, 02 Mar 2016 00:12:50 GMT
ETag: ""93d7-52d05be127d21""
Accept-Ranges: bytes
Content-Length: 37847
Content-Type: text/html

",2016-10-14T02:32:53.616648,sj1216104208088.adobeitc.com,United States,San Jose,Windows 7 or 8,Adobe Systems
192.150.13.92,80,"HTTP/1.0 302 Temporary moved
Content-Length: 0
Cache-Control: no-cache
Pragma: no-cache
Connection: Close
Date: Fri, 14 Oct 2016 01:57:33 GMT
X-Frame-Options: SAMEORIGIN
Location: https://192.150.13.92/

",2016-10-14T01:57:35.835552,asa-sanjose-ext.adobe.com,United States,,,Adobe Systems
192.150.14.88,80,"HTTP/1.0 302 Found
Location: https://192.150.14.88/
Server: BigIP
Connection: Keep-Alive
Content-Length: 0

",2016-10-14T01:51:58.245214,channelorders-sjc0.adobe.com,United States,,,Adobe Systems
216.104.208.92,80,"HTTP/1.1 200 OK
Date: Fri, 14 Oct 2016 01:42:22 GMT
Server: Apache
X-Content-Type-Options: nosniff
X-Powered-By: Jetty(9.2.9.v20150224)
Connection: close
Transfer-Encoding: chunked
Content-Type: text/html;charset=utf-8

",2016-10-14T01:41:26.337171,sj1216104208092.adobeitc.com,United States,San Jose,,Adobe Systems
192.150.14.102,80,"HTTP/1.1 200 OK
Date: Thu, 13 Oct 2016 22:36:05 GMT
Server: Apache
Accept-Ranges: bytes
Pragma: no-cache
Cache-control: no-cache
Content-Length: 1641
Content-Type: text/html; charset=UTF-8

",2016-10-13T22:36:07.962911,sjw2.adobe.com,United States,,,Adobe Systems
192.150.14.119,80,"HTTP/1.0 302 Found
Location: https://192.150.14.119/
Server: BigIP
Connection: Keep-Alive
Content-Length: 0

",2016-10-13T16:56:35.183898,prlicensing-sjc0.stage.adobe.com,United States,,,Adobe Systems
192.150.19.121,80,"HTTP/1.1 200 OK
Date: Thu, 13 Oct 2016 16:13:44 GMT
Server: Apache
Last-Modified: Wed, 08 Jun 2016 15:52:38 GMT
ETag: ""6000e-9a91-534c64b88c29f""
Accept-Ranges: bytes
Content-Length: 39569
Connection: close
Content-Type: text/html; charset=UTF-8

",2016-10-13T16:13:49.359217,,United States,,,Adobe Systems
216.104.208.117,80,"HTTP/1.1 302 Found
Date: Thu, 13 Oct 2016 15:53:36 GMT
Server: Apache
Location: https://www.adobedemo.com/content/demo-hub/welcome-page.html
Content-Length: 244
Content-Type: text/html; charset=iso-8859-1

",2016-10-13T15:56:15.636277,sj1216104208117.adobeitc.com,United States,San Jose,,Adobe Systems
192.150.19.119,80,"HTTP/1.0 302 Found
Location: https://192.150.19.119/
Server: BigIP
Connection: Keep-Alive
Content-Length: 0

",2016-10-13T15:04:29.769116,,United States,,,Adobe Systems
192.150.19.124,80,"HTTP/1.1 503 Service Unavailable
Content-Type: text/html; charset=us-ascii
Server: Microsoft-HTTPAPI/2.0
Date: Thu, 13 Oct 2016 14:42:12 GMT
Connection: close
Content-Length: 326

",2016-10-13T14:42:16.747084,,United States,,Windows 7 or 8,Adobe Systems
192.150.19.123,80,"HTTP/1.1 503 Service Unavailable
Content-Type: text/html; charset=us-ascii
Server: Microsoft-HTTPAPI/2.0
Date: Thu, 13 Oct 2016 14:12:57 GMT
Connection: close
Content-Length: 326

",2016-10-13T14:13:05.539883,,United States,,,Adobe Systems
192.150.19.247,53,9.6-ESV-R7-P2,2016-10-13T13:40:03.288791,sj1gtm001.adobe.com,United States,,,Adobe Systems
192.150.12.131,80,"HTTP/1.1 200 OK
Date: Thu, 13 Oct 2016 11:21:50 GMT
Server: Apache/2.4.12 (Unix)
Last-Modified: Sat, 14 Feb 2015 23:50:52 GMT
ETag: ""13-50f1505f18f00""
Accept-Ranges: bytes
Content-Length: 19
Access-Control-Allow-Origin: *
Content-Type: text/html

",2016-10-13T13:13:55.114037,rmsdemo04.adobedemo.com,United States,,,Adobe Systems
192.150.12.129,80,"HTTP/1.1 200 OK
Date: Thu, 13 Oct 2016 12:12:51 GMT
Server: Apache/2.2.21 (Unix) DAV/2 mod_ssl/2.2.21 OpenSSL/1.0.0c
Last-Modified: Fri, 18 Nov 2011 03:58:41 GMT
ETag: ""d8134-641b-4b1fa5a411e40""
Accept-Ranges: bytes
Content-Length: 25627
Vary: Accept-Encoding
Access-Control-Allow-Origin: *
Content-Type: text/html; charset=UTF-8

",2016-10-13T12:12:34.289415,,United States,,,Adobe Systems
216.104.208.135,80,"HTTP/1.1 200 OK
Date: Thu, 13 Oct 2016 11:49:22 GMT
Server: Apache/2.4.6 (Red Hat Enterprise Linux) Communique/4.1.12
X-Content-Type-Options: nosniff
Transfer-Encoding: chunked
Content-Type: text/html;charset=utf-8

",2016-10-13T11:50:34.533882,sj1216104208135.adobeitc.com,United States,San Jose,Linux 3.x,Adobe Systems
192.150.19.152,80,"HTTP/1.1 403 Forbidden
Date: Thu, 13 Oct 2016 10:03:26 GMT
Server: Apache
Content-Length: 209
Content-Type: text/html; charset=iso-8859-1

",2016-10-13T10:04:16.566049,epohandler.adobe.com,United States,,,Adobe Systems
216.104.208.150,80,"HTTP/1.1 200 OK
Date: Thu, 13 Oct 2016 09:59:04 GMT
Server: Apache/2.4.6 (Red Hat Enterprise Linux) Communique/4.2.0
X-Content-Type-Options: nosniff
X-Powered-By: Jetty(9.2.9.v20150224)
Transfer-Encoding: chunked
Content-Type: text/html;charset=utf-8

",2016-10-13T09:59:22.612983,sj1216104208150.adobeitc.com,United States,San Jose,,Adobe Systems
192.150.19.157,80,"HTTP/1.1 404 Not Found
Server: Apache-Coyote/1.1
Content-Length: 0
Date: Thu, 13 Oct 2016 08:11:51 GMT

",2016-10-13T08:12:19.294757,apip.adobe.com,United States,,,Adobe Systems
216.104.208.160,80,"HTTP/1.1 403 Forbidden
Date: Thu, 13 Oct 2016 07:49:03 GMT
Server: Apache/2.2.15 (CentOS)
Accept-Ranges: bytes
Content-Length: 4961
Connection: close
Content-Type: text/html; charset=UTF-8

",2016-10-13T08:05:48.853849,sj1216104208160.adobeitc.com,United States,San Jose,,Adobe Systems
192.150.14.156,80,"HTTP/1.1 200 OK
Date: Thu, 13 Oct 2016 07:57:59 GMT
Server: Apache
Accept-Ranges: bytes
Pragma: no-cache
Cache-control: no-cache
Content-Length: 1641
Content-Type: text/html; charset=UTF-8

",2016-10-13T07:59:01.064037,clientmail.adobe.com,United States,,,Adobe Systems
192.150.14.154,80,"HTTP/1.0 302 Found
Location: https://192.150.14.154/
Server: BigIP
Connection: Keep-Alive
Content-Length: 0

",2016-10-13T07:47:40.180619,mail.adobe.com,United States,,,Adobe Systems
192.150.12.129,443,"HTTP/1.1 200 OK
Date: Thu, 13 Oct 2016 07:33:12 GMT
Server: Apache/2.2.21 (Unix) DAV/2 mod_ssl/2.2.21 OpenSSL/1.0.0c
Last-Modified: Fri, 18 Nov 2011 03:58:41 GMT
ETag: ""d8134-641b-4b1fa5a411e40""
Accept-Ranges: bytes
Content-Length: 25627
Vary: Accept-Encoding
Access-Control-Allow-Origin: *
Content-Type: text/html; charset=UTF-8

<!--
/*
 * (C) Copyright 2011 Adobe Systems Incorporated. All Rights Reserved.
 *
 * NOTICE:  Adobe permits you to use, modify, and distribute this file in accordance with the 
 * terms of the Adobe license agreement accompanying it.  If you have received this file from a 
 * source other than Adobe, then your use, modification, or distribution of it requires the prior 
 * written permission of Adobe. 
 * THIS CODE AND INFORMATION IS PROVIDED ""AS-IS"" WITHOUT WARRANTY OF
 * ANY KIND, EITHER EXPRESSED OR IMPLIED, INCLUDING BUT NOT LIMITED TO
 * THE IMPLIED WARRANTIES OF MERCHANTABILITY AND/OR FITNESS FOR A
 * PARTICULAR PURPOSE.
 *
 *  THIS CODE IS NOT SUPPORTED BY Adobe Systems Incorporated.
 *
 */
-->

<!DOCTYPE html PUBLIC ""-//W3C//DTD XHTML 1.0 Transitional//EN"" ""http://www.w3.org/TR/xhtml1/DTD/xhtml1-transitional.dtd"">
<!-- saved from url=(0014)about:internet -->
<html xmlns=""http://www.w3.org/1999/xhtml"">
<head>
<meta http-equiv=""Content-Type"" content=""text/html; charset=utf-8"" />
<title>Adobe Flash Media Server</title>
<link rel=""stylesheet"" type=""text/css"" href=""startpage.css"" />
<!-- Enable Browser History by replacing useBrowserHistory tokens with two hyphens -->
<!-- BEGIN Browser History required section -->
<link rel=""stylesheet"" type=""text/css"" href=""history/history.css"" />
<style type=""text/css"" media=""screen""> 
	html, body  { height:100%; }
	body { margin:0; 
	       padding:0; 
		  overflow:auto; 
		  text-align:center; 
		  background-color: #000000; 
		 }   
	object:focus { outline:none; }
	#flashContent { display:none; }
</style>
<script type=""text/javascript"" src=""history/history.js""></script>
<!-- END Browser History required section -->

<script type=""text/javascript"" src=""scripts/swfobject.js""></script>
<script type=""text/javascript"" src=""scripts/jquery-1.5.1.min.js""></script>
<script type=""text/javascript"">
			function loadLinks() {
						var hostName = window.location.hostname;
						var portNum = window.location.port.toString();
						if(hostName.length > 0)
						{
							hostName = ""http://"" + hostName;
							if (portNum.length > 0) 
								hostName += "":"" + portNum;
						}
						else
						{
							hostName = ""http://localhost"";
							if (portNum.length > 0) 
								hostName += "":"" + portNum;
						}
						var sourceURL = new String(document.location.href);
						var paramsIndex = sourceURL.indexOf(""?"");
						if (paramsIndex != -1) {
							sourceURL = sourceURL.substring(0, paramsIndex);
						}
						sourceURL = sourceURL.substring(sourceURL.lastIndexOf(""/"") + 1);
						
						// Update links
						
						var link;
							link = ""&protocol=rtmp&protection=RTMPe&xml=rtmp"";
							$(""a.rtmpsingle"").click(function(e){ preloadSWF(""url=rtmp:/vod/mp4:sample1_1500kbps.f4v"" + link + ""&type=rtmpsingle"") });
							$(""a.rtmpmbr"").click(function(e){ preloadSWF(""url="" + hostName + ""/vod/rtmp_sample1_manifest.f4m"" + link + ""&type=rtmpmbr"") });
							
							link = ""&protocol=HTTP&protection=None&xml=http"";
							$(""a.httpsingle"").click(function(e){ preloadSWF(""url="" + hostName + ""/hds-vod/sample1_1500kbps.f4v.f4m"" + link + ""&type=httpsingle"") });
							$(""a.httpmbr"").click(function(e){ preloadSWF(""url="" + hostName + ""/vod/hds_sample1_manifest.f4m"" + link + ""&type=httpmbr"") });
						
							link = ""&protocol=HTTP&protection=None&xml=hls"";
							$(""a.hlssingle"").click(function(e){ preloadSWF(""url="" + hostName + ""/hls-vod/sample1_1500kbps.f4v.m3u8"" + link + ""&type=hlssingle"") });
							$(""a.hlsmbr"").click(function(e){ preloadSWF(""url="" + hostName + ""/vod/hls_sample1_manifest.m3u8"" + link + ""&type=hlsmbr"") });
			}
			
			$(document).ready(function(){

				loadLinks();
				
				$('#streaming_tab').click(function(e){
					$(this).removeClass('streaming_tab_normal').addClass('streaming_tab_selected');
					$('#interactive_tab').removeClass('interactive_tab_selected').addClass('interactive_tab_normal');
					$(""#streaming_content"").removeClass('nav_content_hide').addClass('nav_content_show');
					$('#interactive_content').removeClass('nav_content_show').addClass('nav_content_hide');
					
				});
				$('#interactive_tab').click(function(e){
					loadSWF(""swfs/LiveSample.swf"", 640, 377);
					$(this).removeClass('interactive_tab_normal').addClass('interactive_tab_selected');
					$(""#streaming_tab"").removeClass('streaming_tab_selected').addClass('streaming_tab_normal');
					$(""#interactive_content"").removeClass('nav_content_hide').addClass('nav_content_show');
					$('#streaming_content').removeClass('nav_content_show').addClass('nav_content_hide');
				});
				
				var currentURL = new String(document.location.href);
				var params = unescape(currentURL.substring(indexOfParams + 1));
				var indexOfParams = currentURL.indexOf(""?"");
				
				if (indexOfParams != -1) ",2016-10-13T07:32:55.922695,,United States,,,Adobe Systems
216.104.208.155,80,"HTTP/1.1 200 OK
Date: Thu, 13 Oct 2016 07:31:16 GMT
Cache-Control: no-cache
dispatcher: no-cache
X-Content-Type-Options: nosniff
Content-Type: text/html;charset=utf-8
Content-Length: 15888
Server: Jetty(9.2.9.v20150224)
X-Powered-By: Jetty(9.2.9.v20150224)

",2016-10-13T07:32:22.252224,sj1216104208155.adobeitc.com,United States,San Jose,Windows 7 or 8,Adobe Systems
192.150.14.174,80,"HTTP/1.0 302 Found
Location: https://192.150.14.174/
Server: BigIP
Connection: Keep-Alive
Content-Length: 0

",2016-10-13T06:06:13.231972,,United States,,,Adobe Systems
192.150.19.174,80,"HTTP/1.0 302 Found
Location: https://192.150.19.174/
Server: BigIP
Connection: Keep-Alive
Content-Length: 0

",2016-10-13T05:49:13.671452,,United States,,,Adobe Systems
192.150.13.63,4500,"VPN (IKE NAT-T)

Initiator SPI: e5f858a0876af576
Responder SPI: 83f79f7b06dfd43a
Next Payload: Security Association (SA)
Version: 1.0
Exchange Type: Identity Protection
Flags:
    Encryption:     False
    Commit:         False
    Authentication: False
Message ID: 00000000
Length: 108",2016-10-13T03:33:27.057696,asa-sanjose-ext-c2.adobe.com,United States,,,Adobe Systems
192.150.14.191,80,"HTTP/1.1 200 OK
Date: Thu, 13 Oct 2016 03:11:08 GMT
Server: Apache
Accept-Ranges: bytes
Pragma: no-cache
Cache-control: no-cache
Content-Length: 1641
Content-Type: text/html; charset=UTF-8

",2016-10-13T03:16:16.437202,mmbeta.macromedia.com,United States,,,Adobe Systems
192.150.13.63,500,"VPN (IKE)

Initiator SPI: e5f858a0876af576
Responder SPI: 0cd11c1a90c389c1
Next Payload: Security Association (SA)
Version: 1.0
Exchange Type: Identity Protection
Flags:
    Encryption:     False
    Commit:         False
    Authentication: False
Message ID: 00000000
Length: 108",2016-10-13T03:12:23.028000,asa-sanjose-ext-c2.adobe.com,United States,,PIX OS 7.0.x,Adobe Systems
192.150.14.204,80,"HTTP/1.0 302 Found
Location: https://192.150.14.204/
Server: BigIP
Connection: Keep-Alive
Content-Length: 0

",2016-10-13T02:19:33.200094,fmrmsdemo.adobe.com,United States,,,Adobe Systems
216.104.208.201,80,"HTTP/1.1 404 Not Found
Date: Thu, 13 Oct 2016 02:03:48 GMT
Server: Apache/2.2.15 (CentOS)
Content-Length: 279
Connection: close
Content-Type: text/html; charset=iso-8859-1

",2016-10-13T02:10:37.794662,sj1216104208201.adobeitc.com,United States,San Jose,,Adobe Systems
192.150.14.213,80,"HTTP/1.1 200 OK
Date: Thu, 13 Oct 2016 01:39:50 GMT
Server: Apache
Accept-Ranges: bytes
Pragma: no-cache
Cache-control: no-cache
Transfer-Encoding: chunked
Content-Type: text/html; charset=UTF-8

",2016-10-13T01:40:33.388361,fmsexamples.stage.adobe.com,United States,,,Adobe Systems
192.150.14.221,80,"HTTP/1.0 302 Found
Location: https://192.150.14.221/
Server: BigIP
Connection: Keep-Alive
Content-Length: 0

",2016-10-13T01:25:19.754583,demo3.adobe.com,United States,,,Adobe Systems
216.104.208.212,80,"HTTP/1.1 200 OK
Content-Type: text/html
Last-Modified: Mon, 13 Apr 2015 15:42:47 GMT
Accept-Ranges: bytes
ETag: ""97d0807d076d01:0""
Server: Microsoft-IIS/7.5
X-Powered-By: ASP.NET
Date: Thu, 13 Oct 2016 01:22:59 GMT
Content-Length: 689

",2016-10-13T01:23:17.286127,sj1216104208212.adobeitc.com,United States,San Jose,,Adobe Systems
216.104.208.236,80,"HTTP/1.1 404 Not Found
Date: Thu, 13 Oct 2016 01:08:05 GMT
Server: Apache/2.4.6 (Red Hat) Communique/4.1.2
X-Content-Type-Options: nosniff
p3p: CP=""IDC DSP COR ADM DEVi TAIi PSA PSD IVAi IVDi CONi HIS OUR IND CNT\$
Content-Length: 433
Content-Type: text/html;charset=utf-8

",2016-10-13T01:08:59.792113,sj1216104208236.adobeitc.com,United States,San Jose,,Adobe Systems
192.150.19.164,443,"HTTP/1.1 200 OK
Date: Thu, 13 Oct 2016 00:52:46 GMT
Server: Apache/2.2.17 (Unix) mod_ssl/2.2.17 OpenSSL/0.9.8e-fips-rhel5 DAV/2
Last-Modified: Sat, 20 Nov 2004 12:16:24 GMT
ETag: ""140003-2c-3e94f97869600""
Accept-Ranges: bytes
Content-Length: 44
Content-Type: text/html

",2016-10-13T00:52:52.161863,b2bsg-sj1-stg.adobe.com,United States,,,Adobe Systems
216.104.208.246,80,"HTTP/1.1 200 OK
Date: Thu, 13 Oct 2016 00:31:21 GMT
X-Content-Type-Options: nosniff
Content-Type: text/html;charset=utf-8
Transfer-Encoding: chunked

",2016-10-13T00:32:44.425427,sj1216104208246.adobeitc.com,United States,San Jose,,Adobe Systems
216.104.208.237,80,"HTTP/1.1 404 Not Found
Date: Wed, 12 Oct 2016 23:09:28 GMT
Server: Apache/2.4.6 (Red Hat) Communique/4.1.2
X-Content-Type-Options: nosniff
p3p: CP=""IDC DSP COR ADM DEVi TAIi PSA PSD IVAi IVDi CONi HIS OUR IND CNT\$
Content-Length: 433
Content-Type: text/html;charset=utf-8

",2016-10-13T00:10:27.908345,sj1216104208237.adobeitc.com,United States,San Jose,,Adobe Systems
216.104.208.229,80,"HTTP/1.1 200 OK
Server: Apache-Coyote/1.1
Accept-Ranges: bytes
ETag: W/""1559-1446766914000""
Last-Modified: Thu, 05 Nov 2015 23:41:54 GMT
Content-Type: text/html
Content-Length: 1559
Date: Wed, 12 Oct 2016 23:26:26 GMT

",2016-10-12T23:35:15.725455,sj1216104208229.adobeitc.com,United States,San Jose,,Adobe Systems
216.104.208.185,80,"HTTP/1.1 200 OK
Date: Wed, 12 Oct 2016 07:55:26 GMT
X-Content-Type-Options: nosniff
Content-Type: text/html; charset=UTF-8
Transfer-Encoding: chunked

",2016-10-12T07:56:39.543935,sj1216104208185.adobeitc.com,United States,San Jose,,Adobe Systems
192.150.19.201,80,"HTTP/1.1 302 Redirect
Content-Type: text/html; charset=UTF-8
Location: http://coldfusion.adobe.com/coldfusion/
Server: Microsoft-IIS/8.0
X-Powered-By: ASP.NET
Date: Wed, 12 Oct 2016 06:24:57 GMT
Content-Length: 162

",2016-10-12T06:25:04.184420,,United States,,,Adobe Systems
216.104.208.182,80,"HTTP/1.1 404 Not Found
Date: Wed, 12 Oct 2016 05:44:15 GMT
Server: Apache/2.2.15 (Red Hat)
Content-Length: 280
Connection: close
Content-Type: text/html; charset=iso-8859-1

",2016-10-12T05:45:09.579567,sj1216104208182.adobeitc.com,United States,San Jose,,Adobe Systems
216.104.208.204,80,"HTTP/1.1 200 OK
Date: Wed, 12 Oct 2016 05:12:32 GMT
X-Content-Type-Options: nosniff
Content-Type: text/html; charset=UTF-8
Transfer-Encoding: chunked

",2016-10-12T05:14:24.055290,sj1216104208204.adobeitc.com,United States,San Jose,,Adobe Systems
192.150.14.119,443,"HTTP/1.0 302 Found
Location: http://unavailable.adobe.com/
Connection: close

",2016-10-12T03:37:31.284412,prlicensing-sjc0.stage.adobe.com,United States,,,Adobe Systems
216.104.208.203,80,"HTTP/1.1 403 Forbidden
Date: Wed, 12 Oct 2016 03:26:39 GMT
Server: Apache
Content-Length: 9
Content-Type: text/html; charset=iso-8859-1

",2016-10-12T03:28:25.319263,sj1216104208203.adobeitc.com,United States,San Jose,Linux 3.x,Adobe Systems
192.150.14.172,443,"HTTP/1.0 302 Found
Location: http://unavailable.adobe.com/
Connection: close

",2016-10-12T00:55:22.896491,,United States,,,Adobe Systems
192.150.14.172,80,"HTTP/1.0 302 Found
Location: https://192.150.14.172/
Server: BigIP
Connection: Keep-Alive
Content-Length: 0

",2016-10-12T00:55:06.600683,,United States,,,Adobe Systems
192.150.13.250,500,"VPN (IKE)

Initiator SPI: e5f858a0876af576
Responder SPI: 1db7cddab0f5cc34
Next Payload: Security Association (SA)
Version: 1.0
Exchange Type: Identity Protection
Flags:
    Encryption:     False
    Commit:         False
    Authentication: False
Message ID: 00000000
Length: 80",2016-10-12T00:22:14.595903,sjhuba-rogre.adobe.com,United States,,,Adobe Systems
192.150.14.215,80,"HTTP/1.1 200 OK
Date: Tue, 11 Oct 2016 17:10:06 GMT
Server: Apache
Accept-Ranges: bytes
Pragma: no-cache
Cache-control: no-cache
Transfer-Encoding: chunked
Content-Type: text/html; charset=UTF-8

",2016-10-11T17:10:10.507965,partnerbugs.stage.adobe.com,United States,,,Adobe Systems
192.150.19.64,80,"HTTP/1.0 200 OK
Server: BigIP
Connection: Keep-Alive
Content-Length: 288

",2016-10-11T15:31:49.893331,prerelease-sj1.adobe.com,United States,,,Adobe Systems
192.150.14.192,443,"HTTP/1.0 302 Found
Location: http://unavailable.adobe.com/
Connection: close

",2016-10-11T13:19:30.366458,,United States,,,Adobe Systems
192.150.19.219,80,"HTTP/1.1 200 OK
Date: Tue, 11 Oct 2016 09:48:58 GMT
Server: Apache
Last-Modified: Wed, 02 Sep 2015 19:43:22 GMT
Accept-Ranges: bytes
Cache-Control: max-age=900
Expires: Tue, 11 Oct 2016 10:03:58 GMT
Content-Length: 14336
Content-Type: text/html; charset=UTF-8

",2016-10-11T09:49:15.490909,sjsemaphore.adobe.com,United States,,,Adobe Systems
216.104.208.182,443,"HTTP/1.1 404 Not Found
Date: Tue, 11 Oct 2016 05:30:11 GMT
Server: Apache/2.2.15 (Red Hat)
Content-Length: 281
Connection: close
Content-Type: text/html; charset=iso-8859-1

",2016-10-11T05:30:18.600107,sj1216104208182.adobeitc.com,United States,San Jose,,Adobe Systems
216.104.208.171,80,"HTTP/1.1 503 Service Unavailable
Content-Type: text/html; charset=us-ascii
Server: Microsoft-HTTPAPI/2.0
Date: Tue, 11 Oct 2016 04:50:06 GMT
Connection: close
Content-Length: 326

",2016-10-11T04:50:21.006027,sj1216104208171.adobeitc.com,United States,San Jose,,Adobe Systems
192.150.19.120,80,"HTTP/1.1 200 OK
Date: Tue, 11 Oct 2016 02:56:12 GMT
Server: Apache
Link: <http://blogs.adobe.com/aemmobile/wp-json/>; rel=""https://api.w.org/""
Set-Cookie: liveblog-client-id=17649379; path=/
X-Frame-Options: SAMEORIGIN
X-Frame-Options: SAMEORIGIN
Content-Security-Policy: frame-ancestors *.adobe.com adobe.lookbookhq.com
Transfer-Encoding: chunked
Content-Type: text/html; charset=UTF-8

",2016-10-11T02:56:17.253071,,United States,,,Adobe Systems
192.150.14.83,443,"HTTP/1.0 302 Found
Location: http://www.stage.adobe.com/partners.html
Server: BigIP
Connection: Keep-Alive
Content-Length: 0

",2016-10-11T01:29:11.815258,partners-sjc0.stage.adobe.com,United States,,,Adobe Systems
192.150.19.119,443,"HTTP/1.1 200 OK
Server: Apache-Coyote/1.1
Set-Cookie: CFID=119064057; Expires=Wed, 03-Oct-2046 22:46:59 GMT; Path=/
Set-Cookie: CFTOKEN=15205d86dedb9143-E7C65B8B-9DAD-F5D5-599F9FB22D6D16FB; Expires=Wed, 03-Oct-2046 22:46:59 GMT; Path=/
Set-Cookie: JSESSIONID=F3V-S+Ly5zPCQGL6kJ2axZG6.undefined; Path=/; Secure
expires: {ts '2016-10-10 22:46:59'}
pragma: no-cache
cache-control: no-cache, no-store, must-revalidate
Content-Type: text/html;charset=UTF-8
Transfer-Encoding: chunked
Date: Mon, 10 Oct 2016 22:46:59 GMT
Set-Cookie: BugBase-Persistence=521012490.51506.0000; path=/

",2016-10-10T22:47:05.381106,,United States,,,Adobe Systems
192.150.19.174,443,"HTTP/1.1 403 Forbidden
Content-Type: text/html
Server: Microsoft-IIS/7.5
X-Powered-By: ASP.NET
Date: Fri, 07 Oct 2016 12:09:54 GMT
Content-Length: 1233

",2016-10-07T12:15:10.323094,,United States,,,Adobe Systems
216.104.208.167,80,"HTTP/1.1 200 OK
Content-Type: text/html
Last-Modified: Tue, 02 Jun 2015 14:14:21 GMT
Accept-Ranges: bytes
ETag: ""6431816b3e9dd01:0""
Server: Microsoft-IIS/8.5
Date: Fri, 07 Oct 2016 11:35:20 GMT
Content-Length: 701

",2016-10-07T11:36:35.072379,sj1216104208167.adobeitc.com,United States,San Jose,,Adobe Systems
216.104.208.173,80,"HTTP/1.1 403 Forbidden
Date: Fri, 07 Oct 2016 07:32:42 GMT
Server: Apache/2.4.18 (Red Hat)
Last-Modified: Fri, 15 Apr 2016 10:59:02 GMT
ETag: ""f91-53083e60cc980""
Accept-Ranges: bytes
Content-Length: 3985
Content-Type: text/html; charset=UTF-8

",2016-10-07T07:33:19.881926,sj1216104208173.adobeitc.com,United States,San Jose,,Adobe Systems
216.104.208.92,443,"HTTP/1.1 302 Found
Date: Fri, 07 Oct 2016 03:03:37 GMT
Server: Apache
Location: https://216.104.208.92/libs/granite/core/content/login.html?resource=%2F&$$login$$=%24%24login%24%24&j_reason=unknown&j_reason_code=unknown
Content-Length: 0
X-Powered-By: Jetty(9.2.9.v20150224)
Connection: close
Content-Type: httpd/unix-directory

",2016-10-07T03:02:42.747549,sj1216104208092.adobeitc.com,United States,San Jose,,Adobe Systems
216.104.208.26,443,"HTTP/1.1 404 Not Found
Date: Fri, 07 Oct 2016 02:54:05 GMT
Server: Apache/2.2.15 (CentOS)
Content-Length: 279
Connection: close
Content-Type: text/html; charset=iso-8859-1

",2016-10-07T02:54:28.935140,sj1216104208026.adobeitc.com,United States,San Jose,,Adobe Systems
192.150.13.74,4500,"VPN (IKE NAT-T)

Initiator SPI: e5f858a0876af576
Responder SPI: 6b19404e16be4723
Next Payload: Security Association (SA)
Version: 1.0
Exchange Type: Identity Protection
Flags:
    Encryption:     False
    Commit:         False
    Authentication: False
Message ID: 00000000
Length: 108",2016-10-07T00:57:39.684192,asa-sanjose-4.adobe.com,United States,,,Adobe Systems
216.104.208.175,80,"HTTP/1.1 403 Forbidden
Date: Fri, 07 Oct 2016 00:25:26 GMT
Server: Apache/2.2.15 (CentOS)
Accept-Ranges: bytes
Content-Length: 4961
Connection: close
Content-Type: text/html; charset=UTF-8

",2016-10-07T00:25:37.990308,sj1216104208175.adobeitc.com,United States,San Jose,,Adobe Systems
216.104.208.65,80,"HTTP/1.1 200 OK
Date: Thu, 06 Oct 2016 17:48:50 GMT
Cache-Control: no-cache
dispatcher: no-cache
X-Content-Type-Options: nosniff
Content-Type: text/html;charset=utf-8
Content-Length: 16182

",2016-10-06T17:49:07.279634,sj1216104208065.adobeitc.com,United States,San Jose,,Adobe Systems
192.150.13.252,4500,"VPN (IKE NAT-T)

Initiator SPI: e5f858a0876af576
Responder SPI: 30942ada454ba992
Next Payload: Security Association (SA)
Version: 1.0
Exchange Type: Identity Protection
Flags:
    Encryption:     False
    Commit:         False
    Authentication: False
Message ID: 00000000
Length: 80",2016-10-04T07:07:31.238711,snjs-greha.adobe.com,United States,,,Adobe Systems
216.104.208.17,80,"HTTP/1.1 200 OK
Date: Tue, 04 Oct 2016 05:46:06 GMT
Server: Apache/2.2.15 (CentOS)
X-Powered-By: PHP/5.3.3
Content-Length: 80
Connection: close
Content-Type: text/html; charset=UTF-8

",2016-10-04T05:46:10.573172,poc.dtm.adobeitc.com,United States,San Jose,Linux 3.x,Adobe Systems
216.104.208.251,80,"HTTP/1.1 200 OK
Date: Tue, 04 Oct 2016 01:46:33 GMT
Server: Apache
X-Content-Type-Options: nosniff
X-Powered-By: Jetty(9.2.9.v20150224)
Connection: close
Transfer-Encoding: chunked
Content-Type: text/html; charset=UTF-8

",2016-10-04T01:46:55.605168,sj1216104208251.adobeitc.com,United States,San Jose,,Adobe Systems
192.150.13.91,443,"HTTP/1.1 200 OK
Content-Type: text/html; charset=utf-8
Transfer-Encoding: chunked
Cache-Control: no-cache
Pragma: no-cache
Connection: Keep-Alive
Date: Mon, 03 Oct 2016 23:59:37 GMT
X-Frame-Options: SAMEORIGIN
Set-Cookie: webvpn=; expires=Thu, 01 Jan 1970 22:00:00 GMT; path=/; secure
Set-Cookie: webvpnc=; expires=Thu, 01 Jan 1970 22:00:00 GMT; path=/; secure
Set-Cookie: webvpn_portal=; expires=Thu, 01 Jan 1970 22:00:00 GMT; path=/; secure
Set-Cookie: webvpnSharePoint=; expires=Thu, 01 Jan 1970 22:00:00 GMT; path=/; secure
Set-Cookie: webvpnlogin=1; path=/; secure

",2016-10-03T23:59:42.616236,asa-sanjose-c1.adobe.com,United States,,,Adobe Systems
192.150.19.165,443,"HTTP/1.1 401 [ISS.0084.9004] Access Denied
Content-Type: text/html; charset=UTF-8
Connection: close
WWW-Authenticate: Basic realm=""Integration Server"", encoding=""UTF-8""
Content-Length: 48

",2016-10-03T22:34:29.704022,b2bint-sj1-stg.adobe.com,United States,,,Adobe Systems
192.150.12.85,443,"HTTP/1.1 404 Not Found
Content-Type: text/html
Content-Length: 345
Date: Mon, 03 Oct 2016 19:43:14 GMT
Server: lighttpd/1.4.28

",2016-10-03T19:43:24.458562,,United States,,,Adobe Systems
216.104.208.254,80,"HTTP/1.1 200 OK
Date: Thu, 30 Jun 2016 07:50:31 GMT
X-Content-Type-Options: nosniff
Content-Type: text/html;charset=utf-8
Content-Length: 14255
Server: Jetty(9.2.9.v20150224)
X-Powered-By: Jetty(9.2.9.v20150224)

",2016-10-02T03:28:09.837697,sj1216104208254.adobeitc.com,United States,San Jose,,Adobe Systems
192.150.19.91,443,"HTTP/1.1 404 Not Found
Server: Apache-Coyote/1.1
Content-Length: 0
Date: Sat, 01 Oct 2016 21:16:01 GMT
Set-Cookie: BIGipServer~Other~prerelease-auth-ext-prod=1678509322.51506.0000; path=/

",2016-10-01T21:16:24.494372,prerelease-auth.adobe.com,United States,,,Adobe Systems
192.150.19.116,443,"HTTP/1.1 200 OK
Accept-Ranges: bytes
ETag: W/""355-1308964859000""
Last-Modified: Sat, 25 Jun 2011 01:20:59 GMT
Content-Type: text/html
Content-Length: 355
Date: Fri, 30 Sep 2016 09:46:11 GMT
Server: Apache

",2016-09-30T09:46:16.492703,cls.adobe.com,United States,,,Adobe Systems
192.150.19.65,443,"HTTP/1.0 200 OK
Server: BigIP
Connection: Keep-Alive
Content-Length: 585

",2016-09-30T09:25:23.284340,prerelease-jp-sj1.adobe.com,United States,,,Adobe Systems
216.104.208.140,80,"HTTP/1.1 200 OK
Date: Fri, 30 Sep 2016 06:09:35 GMT
Server: nginx/1.0.15
Content-Type: text/html; charset=utf-8
X-Powered-By: Express
Content-Length: 4762
ETag: W/""129a-odPdOyRmwQHsd0/HtGunNA""
set-cookie: connect.sid=s%3Aw668CxfiILTxPQLuRgh6HC25oCEVV6tu.eU4Cn0QEaQn9b3Cfw5jgDaEmyEEbuFkbif0tWLU0RfA; Path=/; HttpOnly
Connection: close

",2016-09-30T06:11:34.767550,www.digitalexperiencescore.com,United States,San Jose,,Adobe Systems
216.104.208.195,80,"HTTP/1.1 200 OK
Date: Fri, 30 Sep 2016 02:47:04 GMT
Server: Apache
Last-Modified: Mon, 08 Sep 2014 14:43:14 GMT
ETag: ""400000000ef3a-0-5028ed6b4ce44""
Accept-Ranges: bytes
Content-Length: 0
Content-Type: text/html

",2016-09-30T02:47:25.812446,sj1216104208195.adobeitc.com,United States,San Jose,,Adobe Systems
216.104.208.136,80,"HTTP/1.1 200 OK
Date: Thu, 29 Sep 2016 22:47:40 GMT
X-Content-Type-Options: nosniff
Content-Type: text/html;charset=utf-8
Transfer-Encoding: chunked
Server: Jetty(9.2.9.v20150224)
X-Powered-By: Jetty(9.2.9.v20150224)

",2016-09-29T22:49:20.398958,sj1216104208136.adobeitc.com,United States,San Jose,,Adobe Systems
192.150.13.91,500,"VPN (IKE)

Initiator SPI: e5f858a0876af576
Responder SPI: 9bbe95c335c61297
Next Payload: Security Association (SA)
Version: 1.0
Exchange Type: Identity Protection
Flags:
    Encryption:     False
    Commit:         False
    Authentication: False
Message ID: 00000000
Length: 108",2016-09-28T13:19:03.111227,asa-sanjose-c1.adobe.com,United States,,PIX OS 7.0.x,Adobe Systems
216.104.208.203,443,"HTTP/1.1 403 Forbidden
Date: Wed, 28 Sep 2016 09:11:56 GMT
Server: Apache
Content-Length: 9
Content-Type: text/html; charset=iso-8859-1

",2016-09-28T09:12:20.514359,sj1216104208203.adobeitc.com,United States,San Jose,,Adobe Systems
192.150.19.65,80,"HTTP/1.0 200 OK
Server: BigIP
Connection: Keep-Alive
Content-Length: 585

",2016-09-28T05:18:57.623256,prerelease-jp-sj1.adobe.com,United States,,,Adobe Systems
192.150.12.77,443,"HTTP/1.1 302 Found
Date: Wed, 28 Sep 2016 01:51:53 GMT
Server: Apache
X-Powered-By: PHP/5.3.27
Set-Cookie: PHPSESSID=bi8l75qlrl30dam4r7ms9gn962; path=/
Expires: Thu, 19 Nov 1981 08:52:00 GMT
Cache-Control: private
Pragma: no-cache
Location: /login
Vary: Accept-Encoding
Content-Length: 0
Connection: close
Content-Type: text/html; charset=UTF-8

",2016-09-28T01:52:20.775795,,United States,,,Adobe Systems
192.150.19.171,8443,,2016-09-23T22:20:02.860822,,United States,,,Adobe Systems
216.104.208.251,443,"HTTP/1.1 302 Found
Date: Fri, 23 Sep 2016 12:41:55 GMT
Server: Apache
Location: https://216.104.208.251/index.html
X-Powered-By: Jetty(9.2.9.v20150224)
Content-Length: 0
Connection: close
Content-Type: httpd/unix-directory

",2016-09-23T12:42:01.455021,sj1216104208251.adobeitc.com,United States,San Jose,,Adobe Systems
192.150.14.140,80,"HTTP/1.0 200 OK
Server: BigIP
Connection: Keep-Alive
Content-Length: 455

",2016-09-22T23:32:27.258402,,United States,,,Adobe Systems
192.150.19.38,80,"HTTP/1.1 200 OK
Cache-Control: private
Content-Type: text/html; charset=utf-8
Server: Microsoft-IIS/7.5
X-AspNet-Version: 2.0.50727
X-Powered-By: ASP.NET
Date: Thu, 22 Sep 2016 16:51:28 GMT
Content-Length: 2989

",2016-09-22T16:52:19.394877,cro.adobe-references.com,United States,,,Adobe Systems
192.150.19.163,443,"HTTP/1.1 401 [ISS.0084.9004] Access Denied
Content-Type: text/html; charset=UTF-8
Connection: close
WWW-Authenticate: Basic realm=""Integration Server"", encoding=""UTF-8""
Content-Length: 48

",2016-09-22T16:13:56.632887,b2bsg-sj1.adobe.com,United States,,,Adobe Systems
192.150.19.68,443,,2016-09-22T06:00:19.044866,,United States,,,Adobe Systems
192.150.13.80,4500,"VPN (IKE NAT-T)

Initiator SPI: e5f858a0876af576
Responder SPI: a92b264632c349cc
Next Payload: Security Association (SA)
Version: 1.0
Exchange Type: Identity Protection
Flags:
    Encryption:     False
    Commit:         False
    Authentication: False
Message ID: 00000000
Length: 104",2016-09-22T05:02:50.032038,,United States,,,Adobe Systems
192.150.13.63,443,"HTTP/1.1 200 OK
Content-Type: text/html; charset=utf-8
Transfer-Encoding: chunked
Cache-Control: no-cache
Pragma: no-cache
Connection: Keep-Alive
Date: Wed, 21 Sep 2016 18:31:42 GMT
X-Frame-Options: SAMEORIGIN
Set-Cookie: webvpn=; expires=Thu, 01 Jan 1970 22:00:00 GMT; path=/; secure
Set-Cookie: webvpnc=; expires=Thu, 01 Jan 1970 22:00:00 GMT; path=/; secure
Set-Cookie: webvpn_portal=; expires=Thu, 01 Jan 1970 22:00:00 GMT; path=/; secure
Set-Cookie: webvpnSharePoint=; expires=Thu, 01 Jan 1970 22:00:00 GMT; path=/; secure
Set-Cookie: webvpnlogin=1; path=/; secure

",2016-09-21T18:32:01.727140,asa-sanjose-ext-c2.adobe.com,United States,,,Adobe Systems
192.150.14.204,443,,2016-09-21T05:03:50.016344,fmrmsdemo.adobe.com,United States,,,Adobe Systems
192.150.13.85,443,,2016-09-21T02:10:14.719483,asa-sanjose-test-1.adobe.com,United States,,,Adobe Systems
192.150.13.252,500,"VPN (IKE)

Initiator SPI: e5f858a0876af576
Responder SPI: f60f8aae7b493474
Next Payload: Security Association (SA)
Version: 1.0
Exchange Type: Identity Protection
Flags:
    Encryption:     False
    Commit:         False
    Authentication: False
Message ID: 00000000
Length: 80",2016-09-19T07:54:15.976971,snjs-greha.adobe.com,United States,,,Adobe Systems
192.150.14.57,443,,2016-09-18T22:27:40.492016,dl-origin-vip1.adobe.com,United States,,,Adobe Systems
216.104.208.48,80,"HTTP/1.1 404 Not Found
Date: Sun, 18 Sep 2016 18:13:29 GMT
Server: Apache/2.2.31 (Win32) Communique/4.1.11 mod_ssl/2.2.31 OpenSSL/1.0.1q
Content-Length: 198
Content-Type: text/html; charset=iso-8859-1

",2016-09-18T18:13:54.267332,sj1216104208048.adobeitc.com,United States,San Jose,,Adobe Systems
192.150.12.77,80,"HTTP/1.1 200 OK
Date: Sun, 18 Sep 2016 17:39:40 GMT
Server: Apache
X-Powered-By: PHP/5.3.27
Set-Cookie: PHPSESSID=fegjo8r4pfsu2bbucihpsr6bn1; path=/
Expires: Thu, 19 Nov 1981 08:52:00 GMT
Cache-Control: private
Pragma: no-cache
Vary: Accept-Encoding
Content-Length: 2349
Connection: close
Content-Type: text/html; charset=UTF-8

",2016-09-18T17:39:41.736181,,United States,,,Adobe Systems
192.150.13.81,500,"VPN (IKE)

Initiator SPI: e5f858a0876af576
Responder SPI: 136e16f6680a33d5
Next Payload: Security Association (SA)
Version: 1.0
Exchange Type: Identity Protection
Flags:
    Encryption:     False
    Commit:         False
    Authentication: False
Message ID: 00000000
Length: 104",2016-09-18T14:54:28.827736,,United States,,PIX OS 7.1 or later,Adobe Systems
192.150.19.77,21,"220-Copyright (c) 2001-2011 Isilon Systems LLC.  All rights reserved. Isilon and
220-Isilon Systems are registered trademarks of Isilon Systems LLC.
220-
220-Isilon OneFS v6.5.4.17
220 
530 Login incorrect.
530 Please login with USER and PASS.
211-Features:
 AUTH SSL
 AUTH TLS
 EPRT
 EPSV
 MDTM
 PASV
 PBSZ
 PROT
 REST STREAM
 SIZE
 TVFS
 UTF8
211 End",2016-09-18T06:33:04.560768,sjftp3.adobe.com,United States,,,Adobe Systems
